DATE,PLAYER,FROM,TO,FEE
2018-07-23,Brandon Borrello,1.FC Kaiserslautern,SC Freiburg,Free
2018-08-02,Leonardo Bonucci,AC Milan,Juventus,€ 35M
2018-08-10,André Silva,AC Milan,Sevilla FC,Loan
2018-08-11,Luca Antonelli,AC Milan,Empoli,Free
2018-08-13,Nikola Kalinic,AC Milan,Atletico Madrid,Undisclosed
2018-08-13,Manuel Locatelli,AC Milan,Sassuolo,Loan
2018-08-17,Carlos Bacca,AC Milan,Villarreal,Undisclosed
2018-08-17,Gianluca Lapadula,AC Milan,Genoa,Undisclosed
2018-08-17,Gabriel,AC Milan,Perugia,Undisclosed
2018-08-17,Jherson Vergara Amu,AC Milan,Cagliari,Undisclosed
2018-07-31,Janoi Donacien,Accrington Stanley,Ipswich Town,Loan
2018-08-09,Kayden Jackson,Accrington Stanley,Ipswich Town,Undisclosed
2018-07-30,Sam Surridge,AFC Bournemouth,Oldham Athletic,Loan
2018-08-08,Emerson Hyndman,AFC Bournemouth,Hibernian,Loan
2018-08-08,Connor Mahoney,AFC Bournemouth,Birmingham City,Loan
2018-08-08,Brad Smith,AFC Bournemouth,Seattle Sounders FC,Loan
2018-08-09,Harry Arter,AFC Bournemouth,Cardiff City,Loan
2018-08-31,Matt Worthington,AFC Bournemouth,Forest Green Rovers,Loan
2018-08-28,Aleksandar Jovanovic,AGF Aarhus,Huesca,Undisclosed
2018-07-17,Darren Sidoel,Ajax Amsterdam,Reading,Free
2018-08-23,Siem De Jong,Ajax Amsterdam,Sydney FC,Loan
2018-07-24,Ermedin Demirovic,Alavés,Sochaux,Loan
2018-07-27,José Pozo,Almeria,Rayo Vallecano,Free
2018-08-31,Joaquín,Almeria,Real Valladolid,Undisclosed
2018-08-07,Isaac Kiese Thelin,Anderlecht,Bayer Leverkusen,Loan
2018-08-09,Leander Dendoncker,Anderlecht,Wolverhampton Wanderers,Loan
2018-07-20,Alexandre Letellier,Angers,Troyes,Loan
2018-07-21,Johan Djourou,Antalyaspor,SPAL,Free
2018-07-19,Kelechi Nwakali,Arsenal,FC Porto,Loan
2018-07-26,Jeff Reine-Adelaide,Arsenal,Angers,Undisclosed
2018-07-30,Matt Macey,Arsenal,Plymouth Argyle,Loan
2018-08-03,Chuba Akpom,Arsenal,PAOK Salonika,Undisclosed
2018-08-03,João Virgínia,Arsenal,Everton,Undisclosed
2018-08-07,Santi Cazorla,Arsenal,Villarreal,Free
2018-08-07,Calum Chambers,Arsenal,Fulham,Loan
2018-08-09,Lucas Pérez,Arsenal,West Ham United,Undisclosed
2018-08-16,Krystian Bielik,Arsenal,Charlton Athletic,Loan
2018-08-17,Joel Campbell,Arsenal,Frosinone,Undisclosed
2018-08-17,Stephy Mavididi,Arsenal,Juventus,Undisclosed
2018-08-17,David Ospina,Arsenal,Napoli,Loan
2018-08-21,Josh Da Silva,Arsenal,Brentford,Undisclosed
2018-08-31,Reiss Nelson,Arsenal,TSG Hoffenheim,Loan
2018-07-20,Adama Diakhaby,AS Monaco,Huddersfield Town,Undisclosed
2018-07-24,João Moutinho,AS Monaco,Wolverhampton Wanderers,Undisclosed
2018-07-27,Thomas Lemar,AS Monaco,Atletico Madrid,Undisclosed
2018-08-05,Rachid Ghezzal,AS Monaco,Leicester City,Undisclosed
2018-08-07,Gabriel Boschilia,AS Monaco,Nantes,Loan
2018-08-13,Keita Baldé,AS Monaco,Internazionale,Loan
2018-07-19,Alisson,AS Roma,Liverpool,€ 62.5M
2018-07-27,Gregoire Defrel,AS Roma,Sampdoria,Loan
2018-08-08,Daniele Verde,AS Roma,Real Valladolid,Loan
2018-08-17,Michele Antenori,AS Roma,Bologna,Undisclosed
2018-08-20,Maxime Gonalons,AS Roma,Sevilla FC,Loan
2018-08-28,Kevin Strootman,AS Roma,Marseille,€ 25M
2018-08-09,Gary Gardner,Aston Villa,Birmingham City,Loan
2018-08-10,Jed Steer,Aston Villa,Charlton Athletic,Loan
2018-08-16,Mitchell Clarke,Aston Villa,Port Vale,Loan
2018-08-29,Andre Green,Aston Villa,Portsmouth,Loan
2018-08-29,Aaron Tshibola,Aston Villa,Kilmarnock,Loan
2018-08-31,Tommy Elphick,Aston Villa,Hull City,Loan
2018-08-31,Jordan Lyden,Aston Villa,Oldham Athletic,Loan
2018-08-31,Kelsey Mooney,Aston Villa,Cheltenham Town,Loan
2018-09-14,Ritchie de Laet,Aston Villa,Melbourne City FC,Loan
2018-09-19,Ross McCormack,Aston Villa,Central Coast Mariners,Loan
2018-08-06,Andrea Petagna,Atalanta,SPAL,Loan
2018-08-17,Christian Capone,Atalanta,US Pescara,Loan
2018-08-06,Xabier Etxeitia,Athletic Bilbao,Huesca,Loan
2018-08-08,Kepa Arrizabalaga,Athletic Bilbao,Chelsea,Undisclosed
2018-08-31,Sabin,Athletic Bilbao,Leganes,Loan
2018-07-16,Fernando Torres,Atletico Madrid,Sagan Tosu,Free
2018-07-23,Emiliano Velázquez,Atletico Madrid,Rayo Vallecano,Undisclosed
2018-07-25,Jonny,Atletico Madrid,Wolverhampton Wanderers,Loan
2018-07-31,Sime Vrsaljko,Atletico Madrid,Internazionale,Loan
2018-08-01,André Moreira,Atletico Madrid,Aston Villa,Loan
2018-08-09,Luciano Vietto,Atletico Madrid,Fulham,Loan
2018-08-13,Kevin Gameiro,Atletico Madrid,Valencia,Undisclosed
2018-07-25,Alireza Jahanbakhsh,AZ Alkmaar,Brighton & Hove Albion,Undisclosed
2018-07-16,Andrés Iniesta,Barcelona,Vissel Kobe,Free
2018-07-23,Douglas,Barcelona,Sivasspor,Loan
2018-07-27,Pablo Moreno Chulilla,Barcelona,Juventus,Undisclosed
2018-08-01,Lucas Digne,Barcelona,Everton,£ 18M
2018-08-06,Aleix Vidal,Barcelona,Sevilla FC,Undisclosed
2018-08-09,Yerry Mina,Barcelona,Everton,€ 30.25M
2018-08-09,André Gomes,Barcelona,Everton,Loan
2018-08-13,José Arnáiz,Barcelona,Leganes,€ 5M
2018-08-14,Sergi Palencia,Barcelona,Bordeaux,Loan
2018-08-16,Marlon,Barcelona,Sassuolo,€ 6M
2018-08-28,Paco Alcácer,Barcelona,Borussia Dortmund,Loan
2018-08-31,Marc Cucurella,Barcelona,Eibar,Loan
2018-07-19,Marc Cardona,Barcelona B,Eibar,Loan
2018-07-18,Cristian Galano,Bari,Parma,Free
2018-08-03,Cristian Galano,Bari,Parma,Undisclosed
2018-08-23,Tom Bradshaw,Barnsley,Millwall,Loan
2018-08-03,Chinedu Ekene,Bayer Leverkusen,TSG Hoffenheim,Undisclosed
2018-08-28,Benjamin Henrichs,Bayer Leverkusen,AS Monaco,Undisclosed
2018-08-06,Arturo Vidal,Bayern Munich,Barcelona,Undisclosed
2018-08-27,Sebastian Rudy,Bayern Munich,Schalke 04,Undisclosed
2018-08-31,Juan Bernat,Bayern Munich,Paris Saint-Germain,Undisclosed
2018-08-08,Lisandro López,Benfica,Genoa,Undisclosed
2018-07-24,Fabri,Besiktas,Fulham,Undisclosed
2018-08-09,Nicolai Brock-Madsen,Birmingham City,St Mirren,Loan
2018-08-13,Jonathan Grounds,Birmingham City,Bolton Wanderers,Loan
2018-08-16,Cheikh N'Doye,Birmingham City,Angers,Loan
2018-08-28,Greg Stewart,Birmingham City,Kilmarnock,Loan
2018-08-30,Steve Seddon,Birmingham City,Stevenage,Loan
2018-09-08,David Stockdale,Birmingham City,Southend United,Loan
2018-07-22,Scott Wharton,Blackburn Rovers,Lincoln City,Loan
2018-08-03,Matthew Platt,Blackburn Rovers,Accrington Stanley,Loan
2018-08-30,Lewis Hardcastle,Blackburn Rovers,Port Vale,Loan
2018-08-30,Sam Hart,Blackburn Rovers,Rochdale,Loan
2018-08-07,Emil Krafth,Bologna,SC Amiens,Loan
2018-08-17,Adam Le Fondre,Bolton Wanderers,Sydney FC,Free
2018-08-31,Connor Hall,Bolton Wanderers,Accrington Stanley,Loan
2018-07-17,Diego Rolan,Bordeaux,Deportivo La Coruña,Undisclosed
2018-07-26,Malcom,Bordeaux,Barcelona,€ 41M
2018-08-09,Jonathan Cafú,Bordeaux,Red Star Belgrade,Loan
2018-08-15,Paul Baysse,Bordeaux,Caen,Loan
2018-08-16,Gaëtan Laborde,Bordeaux,Montpellier,Undisclosed
2018-07-25,André Schürrle,Borussia Dortmund,Fulham,Loan
2018-08-31,Roman Bürki,Borussia Dortmund,Werder Bremen,Undisclosed
2018-08-31,Nuri Sahin,Borussia Dortmund,Werder Bremen,Undisclosed
2018-08-08,Ba-Muaka Simakala,Borussia Monchengladbach,Roda Kerkrade,Undisclosed
2018-08-09,Nikola Vukcevic,Braga,Levante,Undisclosed
2018-07-19,John Egan,Brentford,Sheffield United,Undisclosed
2018-07-20,Florian Jozefzoon,Brentford,Derby County,Undisclosed
2018-07-27,Reece Cole,Brentford,Yeovil Town,Loan
2018-08-25,Ryan Woods,Brentford,Stoke City,Loan
2018-08-27,Jack Bonham,Brentford,Bristol Rovers,Loan
2018-08-31,Tom Field,Brentford,Cheltenham Town,Loan
2018-08-31,Chiedozie Ogbene,Brentford,Exeter City,Loan
2018-07-24,Tim Krul,Brighton & Hove Albion,Norwich City,Free
2018-07-30,Sam Baldock,Brighton & Hove Albion,Reading,Undisclosed
2018-08-02,Jiri Skalak,Brighton & Hove Albion,Millwall,Undisclosed
2018-08-07,Billy Arce,Brighton & Hove Albion,Extremadura UD,Loan
2018-08-09,Dan Burn,Brighton & Hove Albion,Wigan Athletic,Loan
2018-08-13,Oliver Norwood,Brighton & Hove Albion,Sheffield United,Loan
2018-08-15,Percy Tau,Brighton & Hove Albion,Union SG,Loan
2018-08-23,Tomer Hemed,Brighton & Hove Albion,Queens Park Rangers,Loan
2018-08-31,Richie Towell,Brighton & Hove Albion,Rotherham United,Loan
2018-07-30,Tyreeq Bakinson,Bristol City,Newport County,Loan
2018-08-03,Gary O'Neil,Bristol City,Bolton Wanderers,Free
2018-08-03,Aden Baldwin,Bristol City,Cheltenham Town,Loan
2018-08-09,Joe Bryan,Bristol City,Fulham,Undisclosed
2018-08-09,Milan Djuric,Bristol City,Salernitana,Undisclosed
2018-08-10,Shawn Mccoulsky,Bristol City,Southend United,Loan
2018-08-31,Taylor Moore,Bristol City,Southend United,Loan
2018-08-31,Cameron Pring,Bristol City,Newport County,Loan
2018-07-23,Ellis Harrison,Bristol Rovers,Ipswich Town,Undisclosed
2018-07-20,Christian Nørgaard,Brøndby,Fiorentina,Undisclosed
2018-07-26,Conor Mitchell,Burnley,St Johnstone,Loan
2018-08-23,Nahki Wells,Burnley,Queens Park Rangers,Loan
2018-08-30,Jonathan Walters,Burnley,Ipswich Town,Loan
2018-08-17,William Troost-Ekong,Bursaspor,Udinese,Undisclosed
2018-08-23,Álvaro García,Cádiz,Rayo Vallecano,Undisclosed
2018-07-18,Durel Avounou,Caen,Orléans,Loan
2018-07-25,Pape Sane,Caen,AS Nancy Lorraine,Loan
2018-07-26,Damien Da Silva,Caen,Stade Rennes,Undisclosed
2018-08-14,Ronny,Caen,Guingamp,Undisclosed
2018-08-17,Marco Capuano,Cagliari,Frosinone,Undisclosed
2018-08-02,Mark Harris,Cardiff City,Newport County,Loan
2018-08-07,Omar Bogle,Cardiff City,Birmingham City,Loan
2018-08-08,Lee Camp,Cardiff City,Birmingham City,Free
2018-08-24,Rhys Healey,Cardiff City,Milton Keynes Dons,Loan
2018-08-24,Stuart O'Keefe,Cardiff City,Plymouth Argyle,Loan
2018-07-25,Alessandro Zanoli,Carpi,Napoli,Loan
2018-07-25,Jonny,Celta Vigo,Atletico Madrid,Undisclosed
2018-07-25,Sergi Gómez,Celta Vigo,Sevilla FC,Undisclosed
2018-08-31,Moussa Dembélé,Celtic,Lyon,Undisclosed
2018-07-25,Danny De Silva,Central Coast Mariners,Sydney FC,Loan
2018-07-27,Andrea Fulignati,Cesena,Empoli,Undisclosed
2018-07-30,Josh Magennis,Charlton Athletic,Bolton Wanderers,Undisclosed
2018-07-16,Jamal Blackman,Chelsea,Leeds United,Loan
2018-07-17,Todd Kane,Chelsea,Hull City,Loan
2018-07-17,Mason Mount,Chelsea,Derby County,Loan
2018-07-21,Jeremie Boga,Chelsea,Sassuolo,Undisclosed
2018-07-21,Charlie Colkett,Chelsea,Shrewsbury Town,Loan
2018-07-24,Nathan,Chelsea,Atlético-MG,Loan
2018-07-25,Mario Pasalic,Chelsea,Atalanta,Loan
2018-07-26,Jacob Maddox,Chelsea,Cheltenham Town,Loan
2018-07-27,Victorien Angban,Chelsea,Metz,Loan
2018-07-30,Kasey Palmer,Chelsea,Blackburn Rovers,Loan
2018-08-06,Matt Miazga,Chelsea,Nantes,Loan
2018-08-06,Kyle Scott,Chelsea,SC Stormvogels Telstar,Loan
2018-08-06,Fikayo Tomori,Chelsea,Derby County,Loan
2018-08-09,Thibaut Courtois,Chelsea,Real Madrid,Undisclosed
2018-08-09,Jay Da Silva,Chelsea,Bristol City,Loan
2018-08-09,Kurt Zouma,Chelsea,Everton,Loan
2018-08-10,Michy Batshuayi,Chelsea,Valencia,Loan
2018-08-10,Josimar Quintero,Chelsea,Lleida Esportiu,Loan
2018-08-14,Tiemoué Bakayoko,Chelsea,AC Milan,Loan
2018-08-15,Ola Aina,Chelsea,Torino,Loan
2018-08-15,Kenneth Omeruo,Chelsea,Leganes,Loan
2018-08-23,Tomas Kalas,Chelsea,Bristol City,Loan
2018-08-30,Isaiah Brown,Chelsea,Leeds United,Loan
2018-08-30,Ike Ugbo,Chelsea,Scunthorpe United,Loan
2018-08-31,Tammy Abraham,Chelsea,Aston Villa,Loan
2018-08-31,Bradley Collins,Chelsea,Burton Albion,Loan
2018-08-31,Kylian Hazard,Chelsea,Club Brugge,Loan
2018-08-31,Michael Hector,Chelsea,Sheffield Wednesday,Loan
2018-07-23,Mohamed Eisa,Cheltenham Town,Bristol City,Undisclosed
2018-07-20,Jon Bakero,Chicago Fire,Toronto FC,Swap
2018-08-12,Tomás Pina,Club Brugge,Alavés,Undisclosed
2018-08-23,Anthony Limbombe,Club Brugge,Nantes,Undisclosed
2018-07-25,Sam Walker,Colchester United,Reading,Free
2018-08-31,Brad Lyons,Coleraine,Blackburn Rovers,Loan
2018-07-31,Moises Hernandez,Comunicaciones,FC Dallas,Undisclosed
2018-08-31,Jordan Ponticelli,Coventry City,Macclesfield Town,Loan
2018-08-17,Luka Markovic,Crotone,Juventus,Loan
2018-08-31,Ryan Inniss,Crystal Palace,Dundee,Loan
2018-07-27,Aleksandr Golovin,CSKA Moscow,AS Monaco,€ 30M
2018-07-20,Jose Fonte,Dalian Yifang,Lille,Undisclosed
2018-07-26,Fabian Schär,Deportivo La Coruña,Newcastle United,Undisclosed
2018-07-27,Diego Rolan,Deportivo La Coruña,Leganes,Loan
2018-08-02,Sidnei,Deportivo La Coruña,Real Betis,Undisclosed
2018-08-22,Jonathan Calleri,Deportivo Maldonado,Alavés,Loan
2018-07-24,Charles Vernam,Derby County,Grimsby Town,Undisclosed
2018-08-02,Offrande Zanzala,Derby County,Accrington Stanley,Undisclosed
2018-08-07,Matej Vydra,Derby County,Burnley,Undisclosed
2018-08-09,Jamie Hanson,Derby County,Oxford United,Undisclosed
2018-08-13,Jonathan Mitchell,Derby County,Oxford United,Loan
2018-08-15,Nick Blackman,Derby County,Sporting Gijón,Loan
2018-08-16,Luke Thomas,Derby County,Coventry City,Loan
2018-08-28,Kellan Gordon,Derby County,Lincoln City,Loan
2018-08-31,Cameron Jerome,Derby County,Goztepe,Undisclosed
2018-08-31,Timi Max Elsnik,Derby County,Mansfield Town,Loan
2018-08-31,Callum Guy,Derby County,Blackpool,Loan
2018-08-31,Chris Martin,Derby County,Hull City,Loan
2018-07-20,Dylan Bahamboula,Dijon FCO,FK Astra Giurgiu,Free
2018-08-09,Filip Benkovic,Dinamo Zagreb,Leicester City,Undisclosed
2018-08-09,Adrian Semper,Dinamo Zagreb,Chievo Verona,Loan
2018-08-31,Bebé,Eibar,Rayo Vallecano,Undisclosed
2018-08-31,Yoel,Eibar,Real Valladolid,Loan
2018-07-23,Max Besuschkow,Eintracht Frankfurt,Union SG,Loan
2018-08-15,Unai Simón,Elche,Athletic Bilbao,Undisclosed
2018-08-07,Anders Dreyer,Esbjerg,Brighton & Hove Albion,Undisclosed
2018-08-06,Aarón Martín,Espanyol,Mainz,Loan
2018-07-19,Shani Tarashaj,Everton,Grasshoppers,Loan
2018-07-27,Davy Klaassen,Everton,Werder Bremen,£ 12M
2018-08-02,Ashley Williams,Everton,Stoke City,Loan
2018-08-03,Antonee Robinson,Everton,Wigan Athletic,Loan
2018-08-09,Callum Connolly,Everton,Wigan Athletic,Loan
2018-08-17,Cuco Martina,Everton,Stoke City,Loan
2018-08-23,Muhamed Besic,Everton,Middlesbrough,Loan
2018-08-23,Joe Williams,Everton,Bolton Wanderers,Loan
2018-08-25,Yannick Bolasie,Everton,Aston Villa,Loan
2018-08-30,Sandro Ramírez,Everton,Real Sociedad,Loan
2018-08-31,Matthew Pennington,Everton,Ipswich Town,Loan
2018-08-18,Jairo Izquierdo,Extremadura UD,Girona,Undisclosed
2018-07-27,Marcel Heller,FC Augsburg,SV Darmstadt 98,Undisclosed
2018-08-04,Takashi Usami,FC Augsburg,Fortuna Düsseldorf,Loan
2018-08-07,Tim Rieder,FC Augsburg,SV Darmstadt 98,Loan
2018-08-15,Shawn Parker,FC Augsburg,SpVgg Greuther Furth,Undisclosed
2018-07-24,Robin Olsen,FC Copenhagen,AS Roma,€ 8.5M
2018-08-07,Ørjan Nyland,FC Ingolstadt 04,Aston Villa,Undisclosed
2018-07-24,Patrick Ziegler,FC Kaiserslautern,Western Sydney Wanderers,Free
2018-08-08,Bill Hamid,FC Midtjylland,DC United,Loan
2018-08-08,Mathias Jensen,FC Nordsjaelland,Celta Vigo,Undisclosed
2018-08-07,Majeed Waris,FC Porto,Nantes,Loan
2018-08-31,Saidy Janko,FC Porto,Nottingham Forest,Loan
2018-07-20,Duje Caleta-Car,FC Salzburg,Marseille,Undisclosed
2018-08-07,Raphael Dwamena,FC Zürich,Levante,Undisclosed
2018-08-17,Salih Ucan,Fenerbahce,Empoli,Loan
2018-08-08,Joshua Perez,Fiorentina,LAFC,Undisclosed
2018-08-09,Carlos Sánchez,Fiorentina,West Ham United,Undisclosed
2018-08-17,Riccardo Saponara,Fiorentina,Sampdoria,Loan
2018-08-17,Francesco Soldani,Fiorentina,Bologna,Loan
2018-08-31,Sebastián Cristóforo,Fiorentina,Getafe,Loan
2018-07-26,Ilzat Akhmetov,FK Rubin Kazan,CSKA Moscow,Free
2018-08-12,Paolo Guerrero,Flamengo,Internacional,Free
2018-08-31,Jack Sowerby,Fleetwood Town,Carlisle United,Loan
2018-08-31,Christian Doidge,Forest Green Rovers,Bolton Wanderers,Undisclosed
2018-08-31,Christian Doidge,Forest Green Rovers,Bolton Wanderers,Loan
2018-07-16,Emmanuel Iyoha,Fortuna Düsseldorf,FC Erzgebirge Aue,Loan
2018-08-17,Justin Toshiki Kinjo,Fortuna Düsseldorf,Thespakusatsu Gunma,Free
2018-07-16,David Button,Fulham,Brighton & Hove Albion,Undisclosed
2018-07-25,Marek Rodak,Fulham,Rotherham United,Loan
2018-08-03,Tayo Edun,Fulham,Ipswich Town,Loan
2018-08-15,Magnus Norman,Fulham,Rochdale,Loan
2018-08-24,Cauley Woodrow,Fulham,Barnsley,Loan
2018-08-31,Rui Fonte,Fulham,Lille,Loan
2018-08-17,Lionel Carole,Galatasaray,Strasbourg,Undisclosed
2018-07-18,Luca Rigoni,Genoa,Parma,Free
2018-08-17,Diego Laxalt,Genoa,AC Milan,Undisclosed
2018-08-03,Fayçal Fajr,Getafe,Caen,Undisclosed
2018-08-14,Dani Pacheco,Getafe,Málaga,Undisclosed
2018-08-31,Stole Dimitrievski,Gimnastic de Tarragona,Rayo Vallecano,Loan
2018-08-03,Rubén Alcaraz,Girona,Real Valladolid,Undisclosed
2018-07-18,Darwin Machis,Granada,Udinese,Undisclosed
2018-08-07,Matthieu Saunier,Granada,Lorient,Undisclosed
2018-08-23,Nemanja Gudelj,Guangzhou Evergrande,Sporting CP,Loan
2018-07-24,Clément Grenier,Guingamp,Stade Rennes,Undisclosed
2018-08-10,Jimmy Briand,Guingamp,Bordeaux,Free
2018-08-08,Toma Basic,Hajduk Split,Bordeaux,Undisclosed
2018-08-16,Albin Ekdal,Hamburg SV,Sampdoria,Undisclosed
2018-08-20,Filip Kostic,Hamburg SV,Eintracht Frankfurt,Loan
2018-08-31,Mike-Steven Bähre,Hannover 96,Barnsley,Loan
2018-08-17,Stéphane M'bia,Hebei China Fortune FC,Toulouse,Free
2018-07-30,Maximilian Pronichev,Hertha Berlin,FC Erzgebirge Aue,Loan
2018-08-08,John McGinn,Hibernian,Aston Villa,Undisclosed
2018-07-16,Jack Payne,Huddersfield Town,Bradford City,Loan
2018-07-19,Sean Scannell,Huddersfield Town,Bradford City,Undisclosed
2018-07-23,Tareiq Holmes-Dennis,Huddersfield Town,Bristol Rovers,Undisclosed
2018-07-24,Tom Ince,Huddersfield Town,Stoke City,£ 10M
2018-07-26,Robert Green,Huddersfield Town,Chelsea,Free
2018-07-27,Joel Coleman,Huddersfield Town,Shrewsbury Town,Loan
2018-08-02,Jordi Hiwula,Huddersfield Town,Coventry City,Undisclosed
2018-08-08,Scott Malone,Huddersfield Town,Derby County,Undisclosed
2018-08-08,Jordan Williams,Huddersfield Town,Barnsley,Loan
2018-08-09,Michael Hefele,Huddersfield Town,Nottingham Forest,Undisclosed
2018-08-31,Lewis O'Brien,Huddersfield Town,Bradford City,Loan
2018-08-10,Jonathan Toro,Huesca,Varzim,Loan
2018-08-01,Abel Hernandez,Hull City,CSKA Moscow,Undisclosed
2018-08-07,Moses Odubajo,Hull City,Brentford,Free
2018-08-09,Ignacio Pussetto,Huracán,Udinese,€ 8M
2018-08-07,Billy Arce,Independiente del Valle,Brighton & Hove Albion,Undisclosed
2018-08-21,Fernando Bob,Internacional,Minnesota United FC,Free
2018-08-07,Jonathan Biabiany,Internazionale,Parma,Undisclosed
2018-08-07,Alessandro Bastoni,Internazionale,Parma,Loan
2018-08-17,Riccardo Lunghi,Internazionale,Bologna,Loan
2018-08-17,Andrea Pinamonti,Internazionale,Frosinone,Loan
2018-08-17,Mattia Tordini,Internazionale,Torino,Loan
2018-08-19,Jeison Murillo,Internazionale,Valencia,Loan
2018-08-31,Yann Karamoh,Internazionale,Bordeaux,Loan
2018-07-24,David McGoldrick,Ipswich Town,Sheffield United,Free
2018-08-08,Martyn Waghorn,Ipswich Town,Derby County,Undisclosed
2018-08-09,Joe Garner,Ipswich Town,Wigan Athletic,Undisclosed
2018-08-28,Tristan Nydam,Ipswich Town,St Johnstone,Loan
2018-08-31,Joshua Emmanuel,Ipswich Town,Shrewsbury Town,Loan
2018-08-31,Ben Morris,Ipswich Town,Forest Green Rovers,Loan
2018-08-31,Luke Woolfenden,Ipswich Town,Swindon Town,Loan
2018-08-09,Peter Gwargis,Jonkopings Sodra IF,Brighton & Hove Albion,Undisclosed
2018-07-26,Rolando Mandragora,Juventus,Udinese,€ 20M
2018-08-02,Mattia Caldara,Juventus,AC Milan,€ 35M
2018-08-02,Gonzalo Higuaín,Juventus,AC Milan,Loan
2018-08-08,Marko Pjaca,Juventus,Fiorentina,Loan
2018-08-10,Andrea Favilli,Juventus,Genoa,Loan
2018-08-12,Stefano Sturaro,Juventus,Sporting CP,Loan
2018-08-17,Andrea Adamoli,Juventus,Genoa,Loan
2018-08-03,Samuel Kalu,KAA Gent,Bordeaux,Undisclosed
2018-08-19,Yuya Kubo,KAA Gent,Nurnberg,Loan
2018-07-20,Mehdi Bourabia,Konyaspor,Sassuolo,Undisclosed
2018-07-17,Youcef Attal,KV Kortrijk,Nice,Undisclosed
2018-08-28,Laurent Ciman,LAFC,Dijon FCO,Undisclosed
2018-07-31,Hadi Sacko,Leeds United,Las Palmas,Loan
2018-08-01,Ronaldo Vieira,Leeds United,Sampdoria,Undisclosed
2018-08-02,Andy Lonergan,Leeds United,Middlesbrough,Free
2018-08-02,Luke Murphy,Leeds United,Bolton Wanderers,Free
2018-08-02,Luke Murphy,Leeds United,Bolton Wanderers,Loan
2018-08-21,Laurens De Bock,Leeds United,KV Oostende,Loan
2018-08-21,Yosuke Ideguchi,Leeds United,SpVgg Greuther Furth,Loan
2018-08-29,Caleb Ekuban,Leeds United,Trabzonspor,Loan
2018-08-31,Vurnon Anita,Leeds United,Willem II Tilburg,Loan
2018-08-31,Eunan O'Kane,Leeds United,Luton Town,Loan
2018-07-24,Diego Rico,Leganes,AFC Bournemouth,Undisclosed
2018-07-29,Tito,Leganes,Rayo Vallecano,Undisclosed
2018-08-21,Facundo García,Leganes,AEK Larnaca,Loan
2018-07-25,Michal Kopczynski,Legia Warsaw,Wellington Phoenix FC,Loan
2018-07-24,Harvey Barnes,Leicester City,West Bromwich Albion,Loan
2018-07-26,Daniel Iverson,Leicester City,Oldham Athletic,Loan
2018-08-03,Ahmed Musa,Leicester City,Al-Nassr,Undisclosed
2018-08-03,George Thomas,Leicester City,Scunthorpe United,Loan
2018-08-09,Josh Gordon,Leicester City,Walsall,Undisclosed
2018-08-12,Leonardo Ulloa,Leicester City,Pachuca,Undisclosed
2018-08-12,Islam Slimani,Leicester City,Fenerbahce,Loan
2018-08-31,Filip Benkovic,Leicester City,Celtic,Loan
2018-08-31,Bartosz Kapustka,Leicester City,OH Leuven,Loan
2018-07-27,Ivi,Levante,Real Valladolid,Loan
2018-08-07,Jefferson Lerma,Levante,AFC Bournemouth,Undisclosed
2018-07-16,Éder,Lille,Lokomotiv Moscow,Undisclosed
2018-07-17,Yves Bissouma,Lille,Brighton & Hove Albion,Undisclosed
2018-07-30,Rominigue Kouame,Lille,Paris FC,Loan
2018-08-08,Kevin Malcuit,Lille,Napoli,Undisclosed
2018-08-14,Júnior Alonso,Lille,Celta Vigo,Loan
2018-08-17,Hamza Mendyl,Lille,Schalke 04,Undisclosed
2018-08-22,Anwar El-Ghazi,Lille,Aston Villa,Loan
2018-07-17,Harry Wilson,Liverpool,Derby County,Loan
2018-07-20,Danny Ward,Liverpool,Leicester City,Undisclosed
2018-07-22,Ryan Kent,Liverpool,Rangers,Loan
2018-07-24,Shamal George,Liverpool,Tranmere Rovers,Loan
2018-07-25,Allan,Liverpool,Eintracht Frankfurt,Loan
2018-08-01,Ben Woodburn,Liverpool,Sheffield United,Loan
2018-08-02,Herbie Kane,Liverpool,Doncaster Rovers,Loan
2018-08-09,Danny Ings,Liverpool,Southampton,Loan
2018-08-17,Ragnar Klavan,Liverpool,Cagliari,Undisclosed
2018-08-19,Marko Grujic,Liverpool,Hertha Berlin,Loan
2018-08-23,Connor Randall,Liverpool,Rochdale,Loan
2018-08-25,Loris Karius,Liverpool,Besiktas,Loan
2018-08-31,Corey Whelan,Liverpool,Crewe Alexandra,Loan
2018-08-10,Steven Moreira,Lorient,Toulouse,Undisclosed
2018-08-13,Myziane Maolida,Lyon,Nice,Undisclosed
2018-08-29,Mariano,Lyon,Real Madrid,€ 30M
2018-08-02,Yoshinori Muto,Mainz,Newcastle United,Undisclosed
2018-08-30,Pablo de Blasis,Mainz,Eibar,Undisclosed
2018-07-28,Keko,Málaga,Real Valladolid,Loan
2018-08-04,Ignasi Miquel,Málaga,Getafe,Undisclosed
2018-08-17,Youssef En-Nesyri,Málaga,Leganes,Undisclosed
2018-08-31,Recio,Málaga,Leganes,Undisclosed
2018-08-31,Roberto Rosales,Málaga,Espanyol,Loan
2018-08-17,Nikolaj Duus Moller,Malmo FF,Bologna,Undisclosed
2018-07-20,Percy Tau,Mamelodi Sundowns,Brighton & Hove Albion,Undisclosed
2018-07-17,Isaac Buckley-Ricketts,Manchester City,Peterborough United,Undisclosed
2018-07-30,Jack Harrison,Manchester City,Leeds United,Loan
2018-07-31,Bersant Celina,Manchester City,Swansea City,Undisclosed
2018-08-02,Kean Bryan,Manchester City,Sheffield United,Undisclosed
2018-08-02,Kean Bryan,Manchester City,Sheffield United,Free
2018-08-03,Tosin Adarabioyo,Manchester City,West Bromwich Albion,Loan
2018-08-07,Joe Hart,Manchester City,Burnley,Undisclosed
2018-08-07,Brandon Barker,Manchester City,Preston North End,Loan
2018-08-08,Thomas Agyepong,Manchester City,Hibernian,Loan
2018-08-09,Lukas Nmecha,Manchester City,Preston North End,Loan
2018-08-16,Patrick Roberts,Manchester City,Girona,Loan
2018-08-17,Daniel Arzani,Manchester City,Celtic,Loan
2018-08-21,Jason Denayer,Manchester City,Lyon,€ 6.5M
2018-08-31,Douglas Luiz,Manchester City,Girona,Loan
2018-07-17,Daley Blind,Manchester United,Ajax Amsterdam,Undisclosed
2018-07-28,Cameron Borthwick-Jackson,Manchester United,Scunthorpe United,Loan
2018-07-28,Matthew Willock,Manchester United,St Mirren,Loan
2018-08-01,Tosin Kehinde,Manchester United,Feirense,Free
2018-08-02,Joel Pereira,Manchester United,Vitoria Setubal,Loan
2018-08-06,Axel Tuanzebe,Manchester United,Aston Villa,Loan
2018-08-09,Timothy Fosu-Mensah,Manchester United,Fulham,Loan
2018-08-13,James Wilson,Manchester United,Aberdeen,Loan
2018-08-15,Kieran O'Hara,Manchester United,Macclesfield Town,Loan
2018-08-28,Demetri Mitchell,Manchester United,Heart of Midlothian,Loan
2018-07-27,Doria,Marseille,Santos,Undisclosed
2018-08-09,André Zambo Anguissa,Marseille,Fulham,Undisclosed
2018-08-16,Rémy Cabella,Marseille,Saint-Etienne,Undisclosed
2018-08-09,Daniel Arzani,Melbourne City FC,Manchester City,Undisclosed
2018-09-14,Mitch Austin,Melbourne Victory,Newcastle Jets,Free
2018-08-03,Mathieu Dossevi,Metz,Toulouse,Undisclosed
2018-07-16,George Miller,Middlesbrough,Bradford City,Loan
2018-07-18,Fabio,Middlesbrough,Nantes,Undisclosed
2018-07-30,Callum Cooke,Middlesbrough,Peterborough United,Undisclosed
2018-07-31,Patrick Bamford,Middlesbrough,Leeds United,Undisclosed
2018-08-03,Alex Pattison,Middlesbrough,Yeovil Town,Loan
2018-08-05,Ben Gibson,Middlesbrough,Burnley,Undisclosed
2018-08-08,Adama Traoré,Middlesbrough,Wolverhampton Wanderers,Undisclosed
2018-08-09,Connor Ripley,Middlesbrough,Accrington Stanley,Loan
2018-08-29,Nathan McGinley,Middlesbrough,Forest Green Rovers,Loan
2018-08-30,Enes Mahmutovic,Middlesbrough,Yeovil Town,Loan
2018-08-31,Marvin Johnson,Middlesbrough,Sheffield United,Loan
2018-08-02,Sid Nelson,Millwall,Swindon Town,Loan
2018-08-17,Ben Thompson,Millwall,Portsmouth,Loan
2018-08-30,Fred Onyedinma,Millwall,Wycombe Wanderers,Loan
2018-08-31,George Saville,Millwall,Middlesbrough,Loan
2018-08-06,Jérôme Roussillon,Montpellier,VfL Wolfsburg,Undisclosed
2018-08-09,Isaac Mbenza,Montpellier,Huddersfield Town,Loan
2018-08-08,Dominic Oduro,Montreal Impact,San Jose Earthquakes,Swap
2018-08-03,Cedric Kipre,Motherwell,Wigan Athletic,Undisclosed
2018-08-17,Franco Israel,Nacional,Juventus,Undisclosed
2018-07-24,Yacine Bammou,Nantes,Caen,Undisclosed
2018-08-17,Koffi Djidji,Nantes,Torino,Loan
2018-08-18,Yassine El Ghanassy,Nantes,Al-Raed,Undisclosed
2018-07-21,Roberto Insigne,Napoli,Benevento,Loan
2018-07-21,Zinedine Machach,Napoli,Carpi,Loan
2018-07-21,Gennaro Tutino,Napoli,Carpi,Loan
2018-07-22,Rafael,Napoli,Sampdoria,Free
2018-07-26,Amato Ciciretti,Napoli,Parma,Loan
2018-08-17,Lorenzo Tonelli,Napoli,Sampdoria,Loan
2018-08-06,Joris Delle,NEC Nijmegen,Feyenoord Rotterdam,Free
2018-07-20,Jack Colback,Newcastle United,Nottingham Forest,Loan
2018-07-23,Chancel Mbemba,Newcastle United,FC Porto,Undisclosed
2018-07-26,Matz Sels,Newcastle United,Strasbourg,Undisclosed
2018-07-30,Aleksandar Mitrovic,Newcastle United,Fulham,Undisclosed
2018-08-06,Adam Armstrong,Newcastle United,Blackburn Rovers,Undisclosed
2018-08-06,Dwight Gayle,Newcastle United,West Bromwich Albion,Loan
2018-08-09,Ivan Toney,Newcastle United,Peterborough United,Undisclosed
2018-08-25,Henri Saivet,Newcastle United,Bursaspor,Loan
2018-08-31,Daniel Tan Barlaser,Newcastle United,Accrington Stanley,Loan
2018-08-31,Luke Charman,Newcastle United,Accrington Stanley,Loan
2018-09-07,Rolando Aarons,Newcastle United,Slovan Liberec,Loan
2018-09-18,Curtis Good,Newcastle United,Melbourne City FC,Free
2018-08-22,Liassine Cadamuro,Nimes,Gimnastic de Tarragona,Free
2018-07-20,Andreas Ivan,No team,New York Red Bulls,Free
2018-07-29,Claudio Pizarro,No team,Werder Bremen,Free
2018-07-31,Boaz Myhill,No team,West Bromwich Albion,Free
2018-08-01,Milan Badelj,No team,Lazio,Free
2018-08-01,Niki Mäenpää,No team,Bristol City,Free
2018-08-01,Luke Steele,No team,Nottingham Forest,Free
2018-08-02,Max Meyer,No team,Crystal Palace,Free
2018-08-03,Darron Gibson,No team,Wigan Athletic,Free
2018-08-09,Bernard,No team,Everton,Free
2018-08-15,Angel Rangel,No team,Queens Park Rangers,Free
2018-08-17,Gervinho,No team,Parma,Free
2018-08-17,Jem Karacan,No team,Millwall,Free
2018-08-23,Jack Rodwell,No team,Blackburn Rovers,Free
2018-08-28,Tyrone Mears,No team,West Bromwich Albion,Free
2018-08-31,Alejandro Gálvez,No team,Rayo Vallecano,Free
2018-09-01,Martin Cranie,No team,Sheffield United,Free
2018-09-02,Hatem Ben Arfa,No team,Stade Rennes,Free
2018-09-03,Claudio Marchisio,No team,Zenit St Petersburg,Free
2018-09-05,Panagiotis Tachtsidis,No team,Nottingham Forest,Free
2018-09-14,Wes Hoolahan,No team,West Bromwich Albion,Free
2018-09-24,Lloyd Dyer,No team,Bolton Wanderers,Free
2018-10-02,Bakary Sako,No team,West Bromwich Albion,Free
2018-10-04,Rashid Mahazi,No team,Western Sydney Wanderers,Free
2018-10-09,Stephen Ireland,No team,Bolton Wanderers,Free
2018-07-19,Yanic Wildschut,Norwich City,Bolton Wanderers,Loan
2018-07-25,Sean Raggett,Norwich City,Rotherham United,Loan
2018-08-12,Remi Matthews,Norwich City,Bolton Wanderers,Loan
2018-08-20,James Husband,Norwich City,Fleetwood Town,Loan
2018-07-30,Jack Hobbs,Nottingham Forest,Bolton Wanderers,Free
2018-07-31,Barrie McKay,Nottingham Forest,Swansea City,Undisclosed
2018-08-01,Stefanos Kapino,Nottingham Forest,Werder Bremen,Undisclosed
2018-08-02,Adam Crookes,Nottingham Forest,Lincoln City,Loan
2018-08-03,Michael Mancienne,Nottingham Forest,New England Revolution,Free
2018-08-28,Ben Brereton,Nottingham Forest,Blackburn Rovers,Loan
2018-08-31,Zach Clough,Nottingham Forest,Rochdale,Loan
2018-08-31,Apostolos Vellios,Nottingham Forest,Waasland-Beveren,Loan
2018-08-31,Jamie Ward,Nottingham Forest,Charlton Athletic,Loan
2018-08-31,Joe Worrall,Nottingham Forest,Rangers,Loan
2018-07-23,Aitor Fernández,Numancia,Levante,Undisclosed
2018-07-23,Alaixys Romao,Olympiakos,Stade de Reims,Free
2018-08-19,Björn Engels,Olympiakos,Stade de Reims,Undisclosed
2018-08-03,Justin Meram,Orlando City SC,Columbus Crew SC,$ 750K
2018-08-07,Borna Barisic,Osijek,Rangers,Undisclosed
2018-08-07,Serdar Gurler,Osmanlispor,Huesca,Undisclosed
2018-08-23,Saman Ghoddos,Östersunds FK,SC Amiens,Loan
2018-08-09,Canice Carroll,Oxford United,Brentford,Undisclosed
2018-08-06,Keisuke Honda,Pachuca,Melbourne Victory,Free
2018-07-26,Eddy Gnahoré,Palermo,SC Amiens,Loan
2018-08-17,Georgios Vrakas,PAOK Salonika,Napoli,Undisclosed
2018-08-09,Farid El Malali,Paradou AC,Angers,Undisclosed
2018-07-24,Grzegorz Krychowiak,Paris Saint-Germain,Lokomotiv Moscow,Loan
2018-08-22,Rémy Descamps,Paris Saint-Germain,Clermont Foot,Loan
2018-08-30,Gonçalo Guedes,Paris Saint-Germain,Valencia,Undisclosed
2018-08-31,Giovani Lo Celso,Paris Saint-Germain,Real Betis,Loan
2018-08-31,Kevin Trapp,Paris Saint-Germain,Eintracht Frankfurt,Loan
2018-08-07,Federico Dimarco,Parma,Internazionale,Loan
2018-07-31,Philippe Sandler,PEC Zwolle,Manchester City,Undisclosed
2018-07-23,Mitch Nichols,Persela,Wellington Phoenix FC,Free
2018-07-17,Gwion Edwards,Peterborough United,Ipswich Town,Undisclosed
2018-07-26,Jack Marriott,Peterborough United,Derby County,Undisclosed
2018-08-17,Alessandro Peressutti,Pordenone,Cagliari,Undisclosed
2018-07-30,Fanendo Adi,Portland Timbers,FC Cincinnati,Undisclosed
2018-08-01,Eoin Doyle,Preston North End,Bradford City,Undisclosed
2018-08-11,Daryl Horgan,Preston North End,Hibernian,Undisclosed
2018-08-29,Kevin O'Connor,Preston North End,Crewe Alexandra,Loan
2018-08-31,Andrew Boyle,Preston North End,Dundee,Loan
2018-08-31,Ben Pringle,Preston North End,Grimsby Town,Loan
2018-08-31,Marnick Vermijl,Preston North End,MVV Maastricht,Loan
2018-07-31,Santiago Arias,PSV Eindhoven,Atletico Madrid,Fee
2018-08-03,Timothy Dieng,Queens Park Rangers,Stevenage,Loan
2018-08-07,David Wheeler,Queens Park Rangers,Portsmouth,Loan
2018-08-16,Ryan Manning,Queens Park Rangers,Rotherham United,Loan
2018-08-30,Charlie Fox,Queens Park Rangers,Wycombe Wanderers,Loan
2018-08-31,Conor Washington,Queens Park Rangers,Sheffield United,Free
2018-07-16,Eduardo Herrera,Rangers,Santos,Loan
2018-08-09,Declan John,Rangers,Swansea City,Undisclosed
2018-08-09,Josh Windass,Rangers,Wigan Athletic,Undisclosed
2018-08-01,Fran Beltrán,Rayo Vallecano,Celta Vigo,Undisclosed
2018-07-16,Jonathan Bond,Reading,West Bromwich Albion,Free
2018-07-25,Joey van den Berg,Reading,NEC Nijmegen,Loan
2018-07-27,Lewis Ward,Reading,Northampton Town,Loan
2018-07-31,George Evans,Reading,Derby County,Undisclosed
2018-07-31,Sam Smith,Reading,Oxford United,Loan
2018-08-09,Víctor Camarasa,Real Betis,Cardiff City,Loan
2018-08-24,Alin Tosca,Real Betis,PAOK Salonika,Loan
2018-08-31,Álex Alegría,Real Betis,Rayo Vallecano,Loan
2018-08-31,Darko Brasanac,Real Betis,Deportivo La Coruña,Loan
2018-07-16,Cristiano Ronaldo,Real Madrid,Juventus,€ 105.25M
2018-08-09,Mateo Kovacic,Real Madrid,Chelsea,Loan
2018-08-10,Theo Hernández,Real Madrid,Real Sociedad,Loan
2018-08-13,Óscar Rodríguez,Real Madrid,Leganes,Loan
2018-08-21,Martin Ødegaard,Real Madrid,Vitesse Arnhem,Loan
2018-08-24,Raúl de Tomás,Real Madrid,Rayo Vallecano,Loan
2018-08-25,José León,Real Madrid,Rayo Vallecano,Undisclosed
2018-08-27,Andriy Lunin,Real Madrid,Levante,Loan
2018-08-31,Fábio Coentrão,Real Madrid,Rio Ave,Undisclosed
2018-08-31,Borja Mayoral,Real Madrid,Levante,Loan
2018-09-14,Yura Movsisyan,Real Salt Lake,Chicago Fire,Free
2018-08-27,Alberto de la Bella,Real Sociedad,Las Palmas,Free
2018-08-17,Gabriel Bocchio,Red Bull Brasil,Fiorentina,Loan
2018-08-17,Mauro Burruchaga,River Plate,Chievo Verona,Undisclosed
2018-07-18,Filip Kurto,Roda JC Kerkrade,Wellington Phoenix FC,Undisclosed
2018-07-18,Dominic Ball,Rotherham United,Aberdeen,Loan
2018-07-20,Jerry Yates,Rotherham United,Carlisle United,Loan
2018-08-01,Ben Purrington,Rotherham United,AFC Wimbledon,Loan
2018-08-24,Michael Ihiekwe,Rotherham United,Accrington Stanley,Loan
2018-08-31,David Ball,Rotherham United,Bradford City,Loan
2018-08-10,Léo Lacroix,Saint-Etienne,Hamburg SV,Loan
2018-08-12,Oussama Tannane,Saint-Etienne,FC Utrecht,Loan
2018-08-29,Franck Honorat,Saint-Etienne,Clermont Foot,Loan
2018-08-16,Lorenco Simic,Sampdoria,SPAL,Loan
2018-08-17,Ciro Molisso,Sampdoria,Napoli,Loan
2018-07-30,Fatai Alashe,San Jose Earthquakes,FC Cincinnati,Undisclosed
2018-08-08,Quincy Amarikwa,San Jose Earthquakes,Montreal Impact,Swap
2018-07-17,Tomás Conechny,San Lorenzo,Portland Timbers,Loan
2018-07-25,Riccardo Marchizza,Sassuolo,Crotone,Loan
2018-08-17,Simone Missiroli,Sassuolo,SPAL,Undisclosed
2018-08-17,Francesco Cassata,Sassuolo,Frosinone,Loan
2018-08-17,Timo Letschert,Sassuolo,FC Utrecht,Loan
2018-08-28,Guessouma Fofana,SC Amiens,Guingamp,Undisclosed
2018-07-19,Georg Niedermeier,SC Freiburg,Melbourne Victory,Free
2018-07-27,Patric Klandt,SC Freiburg,Nurnberg,Undisclosed
2018-07-29,Jonas Meffert,SC Freiburg,Holstein Kiel,Undisclosed
2018-08-09,Caglar Soyuncu,SC Freiburg,Leicester City,Undisclosed
2018-07-20,Pablo Insua,Schalke 04,Huesca,Loan
2018-07-25,Bernard Tekpetey,Schalke 04,SC Paderborn 07,Undisclosed
2018-07-31,Benedikt Höwedes,Schalke 04,Lokomotiv Moscow,Undisclosed
2018-08-16,Donis Avdijaj,Schalke 04,Willem II Tilburg,Undisclosed
2018-08-16,Thilo Kehrer,Schalke 04,Paris Saint-Germain,Undisclosed
2018-07-28,Conor Townsend,Scunthorpe United,West Bromwich Albion,Undisclosed
2018-08-09,Duane Holmes,Scunthorpe United,Derby County,Undisclosed
2018-08-31,Olufela Olomola,Scunthorpe United,Yeovil Town,Loan
2018-08-01,Joaquín Correa,Sevilla FC,Lazio,Undisclosed
2018-08-09,Sergio Rico,Sevilla FC,Fulham,Loan
2018-08-14,Steven N'Zonzi,Sevilla FC,AS Roma,€ 26.65M
2018-08-19,Sébastien Corchia,Sevilla FC,Benfica,Loan
2018-07-18,George Long,Sheffield United,Hull City,Undisclosed
2018-07-20,Ched Evans,Sheffield United,Fleetwood Town,Loan
2018-07-20,Regan Slater,Sheffield United,Carlisle United,Loan
2018-08-09,Ricky Holmes,Sheffield United,Oxford United,Loan
2018-08-10,Lee Evans,Sheffield United,Wigan Athletic,Loan
2018-08-31,Caolan Lavery,Sheffield United,Bury,Loan
2018-08-31,Ryan Leonard,Sheffield United,Millwall,Loan
2018-10-09,Jake Bennett,Sheffield United,Chesterfield,Loan
2018-07-20,Glenn Loovens,Sheffield Wednesday,Sunderland,Free
2018-09-16,Sean Clare,Sheffield Wednesday,Heart of Midlothian,Undisclosed
2018-08-08,John Nolan,Shrewsbury Town,Ipswich Town,Undisclosed
2018-08-08,Aristote Nsiala,Shrewsbury Town,Ipswich Town,Undisclosed
2018-08-09,Jan Zamburek,Slavia Prague,Brentford,Undisclosed
2018-07-20,Sofiane Boufal,Southampton,Celta Vigo,Loan
2018-07-25,Jordy Clasie,Southampton,Feyenoord Rotterdam,Loan
2018-08-20,Josh Sims,Southampton,Reading,Loan
2018-08-27,Harrison Reed,Southampton,Blackburn Rovers,Loan
2018-08-30,Jake Flannigan,Southampton,Burton Albion,Loan
2018-08-30,Jake Hesketh,Southampton,Burton Albion,Loan
2018-08-30,Sam McQueen,Southampton,Middlesbrough,Loan
2018-08-31,Quincy Promes,Spartak Moscow,Sevilla FC,Undisclosed
2018-07-20,Juande,Spezia,Perth Glory,Free
2018-07-23,Cristiano Piccini,Sporting CP,Valencia,Undisclosed
2018-07-25,Gelson Martins,Sporting CP,Atletico Madrid,Free
2018-07-27,Oliveira Chico Geraldes,Sporting CP,Eintracht Frankfurt,Loan
2018-07-27,Francisco Geraldes,Sporting CP,Eintracht Frankfurt,Loan
2018-07-27,Jonathan Silva,Sporting CP,Leganes,Loan
2018-08-08,Rafael Leão,Sporting CP,Lille,Free
2018-08-29,Seydou Doumbia,Sporting CP,Girona,Free
2018-07-26,Sergio Álvarez,Sporting Gijón,Eibar,Undisclosed
2018-07-30,Julian Jeanvier,Stade de Reims,Brentford,Undisclosed
2018-08-29,Grejohn Kyei,Stade de Reims,Lens,Loan
2018-07-20,Yoann Gourcuff,Stade Rennes,Dijon FCO,Free
2018-07-25,Joris Gnagnon,Stade Rennes,Sevilla FC,Undisclosed
2018-07-25,Brandon Thomas,Stade Rennes,Osasuna,Loan
2018-08-01,Sanjin Prcic,Stade Rennes,Levante,Free
2018-08-19,Duje Cop,Standard Liege,Real Valladolid,Loan
2018-07-24,Dominic Telford,Stoke City,Bury,Undisclosed
2018-08-03,Ryan Sweeney,Stoke City,Mansfield Town,Loan
2018-08-28,Badou N'Diaye,Stoke City,Galatasaray,Loan
2018-08-29,Julien Ngoy,Stoke City,Grasshoppers,Loan
2018-08-30,Giannelli Imbula,Stoke City,Rayo Vallecano,Loan
2018-08-31,Maxim Choupo-Moting,Stoke City,Paris Saint-Germain,Free
2018-08-31,Geoff Cameron,Stoke City,Queens Park Rangers,Loan
2018-07-24,Jean-Eudes Aholou,Strasbourg,AS Monaco,Undisclosed
2018-07-17,Wahbi Khazri,Sunderland,Saint-Etienne,Undisclosed
2018-07-20,Callum McManaman,Sunderland,Wigan Athletic,Undisclosed
2018-07-20,Billy Jones,Sunderland,Rotherham United,Free
2018-07-24,Marc Wilson,Sunderland,Bolton Wanderers,Free
2018-08-01,Charlie Wyke,Sunderland,Bradford City,Undisclosed
2018-08-01,Lamine Koné,Sunderland,Strasbourg,Loan
2018-07-16,Kyle Bartley,Swansea City,West Bromwich Albion,Undisclosed
2018-07-16,Borja Bastón,Swansea City,Alavés,Loan
2018-07-27,André Ayew,Swansea City,Fenerbahce,Loan
2018-08-02,Alfie Mawson,Swansea City,Fulham,Undisclosed
2018-08-09,Jordi Amat,Swansea City,Rayo Vallecano,Undisclosed
2018-08-09,Samuel Clucas,Swansea City,Stoke City,Undisclosed
2018-08-09,Federico Fernández,Swansea City,Newcastle United,Undisclosed
2018-08-09,Jordan Ayew,Swansea City,Crystal Palace,Loan
2018-08-31,Keston Davies,Swansea City,Notts County,Loan
2018-07-23,David Williams,Szombathelyi Haladas,Wellington Phoenix FC,Undisclosed
2018-08-06,Axel Witsel,Tianjin Quanjian,Borussia Dortmund,Undisclosed
2018-07-20,Nicholas Ansell,Tondela,Melbourne Victory,Undisclosed
2018-08-12,Joel Obi,Torino,Chievo Verona,Undisclosed
2018-08-16,Mirko Valdifiori,Torino,SPAL,Undisclosed
2018-08-16,Kevin Bonifazi,Torino,SPAL,Loan
2018-08-17,Afriyie Acquah,Torino,Empoli,Undisclosed
2018-07-20,Nicolas Hasler,Toronto FC,Chicago Fire,Swap
2018-07-27,Valentin Castellanos,Torque,New York City FC,Loan
2018-07-18,Anton Walkes,Tottenham Hotspur,Portsmouth,Undisclosed
2018-08-01,Reo Griffiths,Tottenham Hotspur,Lyon,Undisclosed
2018-08-25,Cameron Carter-Vickers,Tottenham Hotspur,Swansea City,Loan
2018-08-31,Connor Ogilvie,Tottenham Hotspur,Gillingham,Loan
2018-08-31,Josh Onomah,Tottenham Hotspur,Sheffield Wednesday,Loan
2018-07-24,Andy Delort,Toulouse,Montpellier,Loan
2018-07-24,Jessy Pi,Toulouse,Brest,Loan
2018-08-09,Hyun Jun Suk,Troyes,Stade de Reims,Undisclosed
2018-07-16,Bruno Nazario,TSG Hoffenheim,Atlético-PR,Loan
2018-08-09,Phillip Ochs,TSG Hoffenheim,AaB,Loan
2018-08-22,Robert Zulj,TSG Hoffenheim,FC Union Berlin,Loan
2018-07-29,Luis Advíncula,U.A.N.L,Rayo Vallecano,Loan
2018-08-01,Timothee Kolodziejczak,U.A.N.L,Saint-Etienne,Loan
2018-07-18,Stipe Perica,Udinese,Frosinone,Loan
2018-07-27,Lucas Evangelista,Udinese,Nantes,Undisclosed
2018-07-31,Emil Hallfredsson,Udinese,Frosinone,Undisclosed
2018-08-17,Marco D'Alessandro,Udinese,Atalanta,Undisclosed
2018-08-17,Ali Adnan,Udinese,Atalanta,Loan
2018-07-16,Nemanja Maksimovic,Valencia,Getafe,Undisclosed
2018-08-09,Martín Montoya,Valencia,Brighton & Hove Albion,Undisclosed
2018-08-13,Álvaro Medrán,Valencia,Rayo Vallecano,Loan
2018-08-17,Simone Zaza,Valencia,Torino,Loan
2018-08-08,Bernie Ibini-Isei,Vancouver Whitecaps,Emirates Club,Undisclosed
2018-07-16,Santiago Cáseres,Vélez Sarsfield,Villarreal,Undisclosed
2018-07-16,Matthias Zimmermann,VfB Stuttgart,Fortuna Düsseldorf,Free
2018-08-08,Orel Mangala,VfB Stuttgart,Hamburg SV,Loan
2018-08-22,Victor Osimhen,VfL Wolfsburg,Royal Charleroi SC,Loan
2018-07-19,Rúben Semedo,Villarreal,Leganes,Loan
2018-07-20,Rúben Semedo,Villarreal,Huesca,Loan
2018-08-09,Adrián Marín,Villarreal,Alavés,Free
2018-08-15,Denis Cheryshev,Villarreal,Valencia,Loan
2018-08-17,Samu Castillejo,Villarreal,AC Milan,Undisclosed
2018-08-17,Roberto Soriano,Villarreal,Torino,Loan
2018-08-19,Leo Suárez,Villarreal,Real Valladolid,Loan
2018-08-19,Enes Ünal,Villarreal,Real Valladolid,Loan
2018-08-10,Alexander Baumjohann,Vitória,Western Sydney Wanderers,Free
2018-08-31,Mitchell Candlin,Walsall,Blackburn Rovers,Loan
2018-07-22,Dodi Lukebakio,Watford,Fortuna Düsseldorf,Loan
2018-07-24,Richarlison,Watford,Everton,Undisclosed
2018-07-25,Nordin Amrabat,Watford,Al-Nassr,Undisclosed
2018-07-25,Tommie Hoban,Watford,Aberdeen,Loan
2018-07-25,Jerome Sinclair,Watford,Sunderland,Loan
2018-07-27,Randell Williams,Watford,Wycombe Wanderers,Loan
2018-08-08,Daniel Bachmann,Watford,Kilmarnock,Loan
2018-08-09,Alex Jakubiak,Watford,Bristol Rovers,Loan
2018-08-23,Dimitri Foulquier,Watford,Getafe,Loan
2018-07-31,Scott Galloway,Wellington Phoenix FC,Adelaide United,Free
2018-07-23,Lennart Thy,Werder Bremen,Erzurum BB,Free
2018-08-01,Idrissa Touré,Werder Bremen,Juventus,Loan
2018-08-02,Fallou Diagne,Werder Bremen,Konyaspor,Free
2018-07-22,James McClean,West Bromwich Albion,Stoke City,£ 5M
2018-08-03,Jack Fitzwater,West Bromwich Albion,Walsall,Loan
2018-08-03,Kane Wilson,West Bromwich Albion,Walsall,Loan
2018-08-06,Salomón Rondón,West Bromwich Albion,Newcastle United,Loan
2018-08-07,Dara O'Shea,West Bromwich Albion,Exeter City,Loan
2018-08-17,Allan Nyom,West Bromwich Albion,Leganes,Loan
2018-08-30,Nacer Chadli,West Bromwich Albion,AS Monaco,£ 10M
2018-07-24,Marcus Browne,West Ham United,Oxford United,Loan
2018-08-08,Jordan Hugill,West Ham United,Middlesbrough,Loan
2018-08-09,Domingos Quina,West Ham United,Watford,Undisclosed
2018-08-10,Sam Byram,West Ham United,Nottingham Forest,Loan
2018-08-13,Edimilson Fernandes,West Ham United,Fiorentina,Loan
2018-08-30,Josh Cullen,West Ham United,Charlton Athletic,Loan
2018-07-16,Terell Thomas,Wigan Athletic,AFC Wimbledon,Undisclosed
2018-07-23,Joshua Laurent,Wigan Athletic,Shrewsbury Town,Undisclosed
2018-08-09,Dan Burn,Wigan Athletic,Brighton & Hove Albion,Undisclosed
2018-08-09,Ryan Colclough,Wigan Athletic,Scunthorpe United,Undisclosed
2018-08-09,Jordan Flores,Wigan Athletic,Östersunds FK,Loan
2018-08-10,Max Power,Wigan Athletic,Sunderland,Loan
2018-08-14,Callum Lang,Wigan Athletic,Oldham Athletic,Loan
2018-08-30,Devante Cole,Wigan Athletic,Burton Albion,Loan
2018-08-31,Joe Piggott,Wigan Athletic,Morecambe,Loan
2018-08-31,Jamie Walker,Wigan Athletic,Peterborough United,Loan
2018-07-28,Barry Douglas,Wolverhampton Wanderers,Leeds United,Undisclosed
2018-08-28,Jordan Graham,Wolverhampton Wanderers,Ipswich Town,Loan
2018-08-31,Danny Batth,Wolverhampton Wanderers,Middlesbrough,Loan
2018-08-31,Bright Enobakhare,Wolverhampton Wanderers,Kilmarnock,Loan
2018-08-31,Connor Johnson,Wolverhampton Wanderers,Walsall,Loan
2018-08-31,Joe Mason,Wolverhampton Wanderers,Portsmouth,Loan
2018-08-31,Connor Ronan,Wolverhampton Wanderers,Walsall,Loan
2018-07-25,Kasim Adams,Young Boys,TSG Hoffenheim,Undisclosed
2018-07-26,Dmitriy Poloz,Zenit St Petersburg,FK Rubin Kazan,Loan
2018-07-27,Ivan Novoseltsev,Zenit St Petersburg,Anzhi Makhachkala,Loan
2018-08-17,Emiliano Rigoni,Zenit St Petersburg,Atalanta,Loan
2018-07-23,Andriy Lunin,Zorya Luhansk,Real Madrid,Undisclosed